components,values
size,-5.180581897492793
total_sqft,0.07040617407881523
bath,4.569724557220072
top1,28.44338743650344
top2,6.0408641285251665
top3,-3.4794746239631364
top4,-11.952514663337713
top5,-19.05226227772773
Built-up  Area,-5.469174735843926
Carpet  Area,1.755845893100355
Plot  Area,8.477872705424605
Super built-up  Area,-4.764543862681018
intercept,-13.94221367790584
